Workbook

Sheet Dane
A1: test_id | B1: dataset_name | C1: classifier_name | D1: reduction_name | E1: training_time | F1: train_set_size | G1: test_set_size | H1: execution_time | I1: correct_predictions | J1: incorrect_predictions | K1: accuracy | L1: precision | M1: recall | N1: f1_score | O1: pixel_normalization_rate | P1: num_segments | Q1: training_set_limit | R1: n_components
A2: 81 | B2: Arabic | C2: K-Nearest Neighbors | D2: Brak redukcji | E2: 0.0433186 | F2: 60000 | G2: 10000 | H2: 21.586998 | I2: 9714 | J2: 286 | K2: 0.9714 | L2: 0.97203331 | M2: 0.9714 | N2: 0.97143593 | O2: 0.5 | P2: 7 | Q2: 99999999 | R2: 784
A3: 97 | B3: Arabic | C3: K-Nearest Neighbors | D3: Flood Fill | E3: 0.0080118 | F3: 60000 | G3: 10000 | H3: 15.981876 | I3: 9610 | J3: 390 | K3: 0.961 | L3: 0.96133952 | M3: 0.961 | N3: 0.96100818 | O3: 0.22858051 | P3: 7 | Q3: 99999999 | R3: 43
A4: 89 | B4: Arabic | C4: K-Nearest Neighbors | D4: LDA | E4: 0.1145143 | F4: 60000 | G4: 10000 | H4: 14.22364 | I4: 9549 | J4: 451 | K4: 0.9549 | L4: 0.95490214 | M4: 0.9549 | N4: 0.95480551 | O4: 0.5 | P4: 7 | Q4: 99999999 | R4: 9
A5: 85 | B5: Arabic | C5: K-Nearest Neighbors | D5: PCA | E5: 0.0077561 | F5: 60000 | G5: 10000 | H5: 11.344126 | I5: 9829 | J5: 171 | K5: 0.9829 | L5: 0.98294719 | M5: 0.9829 | N5: 0.98288708 | O5: 0.5 | P5: 7 | Q5: 99999999 | R5: 43
A6: 93 | B6: Arabic | C6: K-Nearest Neighbors | D6: UMAP | E6: 0.0074387 | F6: 60000 | G6: 10000 | H6: 159.04236 | I6: 9716 | J6: 284 | K6: 0.9716 | L6: 0.97190231 | M6: 0.9716 | N6: 0.97160443 | O6: 0.5 | P6: 7 | Q6: 99999999 | R6: 43
A7: 83 | B7: Arabic | C7: Multi-Layer Perceptron | D7: Brak redukcji | E7: 233.86872 | F7: 60000 | G7: 10000 | H7: 247.0598 | I7: 9810 | J7: 190 | K7: 0.981 | L7: 0.98106903 | M7: 0.981 | N7: 0.98101775 | O7: 0.5 | P7: 7 | Q7: 99999999 | R7: 784
A8: 99 | B8: Arabic | C8: Multi-Layer Perceptron | D8: Flood Fill | E8: 874.67321 | F8: 60000 | G8: 10000 | H8: 890.32681 | I8: 9805 | J8: 195 | K8: 0.9805 | L8: 0.98055894 | M8: 0.9805 | N8: 0.98051084 | O8: 0.22858051 | P8: 7 | Q8: 99999999 | R8: 43
A9: 91 | B9: Arabic | C9: Multi-Layer Perceptron | D9: LDA | E9: 230.04759 | F9: 60000 | G9: 10000 | H9: 243.57354 | I9: 9515 | J9: 485 | K9: 0.9515 | L9: 0.95172257 | M9: 0.9515 | N9: 0.95152706 | O9: 0.5 | P9: 7 | Q9: 99999999 | R9: 9
A10: 87 | B10: Arabic | C10: Multi-Layer Perceptron | D10: PCA | E10: 80.924376 | F10: 60000 | G10: 10000 | H10: 90.42741 | I10: 9838 | J10: 162 | K10: 0.9838 | L10: 0.98386229 | M10: 0.9838 | N10: 0.98380005 | O10: 0.5 | P10: 7 | Q10: 99999999 | R10: 43
A11: 95 | B11: Arabic | C11: Multi-Layer Perceptron | D11: UMAP | E11: 497.86331 | F11: 60000 | G11: 10000 | H11: 652.30315 | I11: 9707 | J11: 293 | K11: 0.9707 | L11: 0.97104663 | M11: 0.9707 | N11: 0.97070636 | O11: 0.5 | P11: 7 | Q11: 99999999 | R11: 43
A12: 84 | B12: Arabic | C12: Support Vector Machine | D12: Brak redukcji | E12: 156.95868 | F12: 60000 | G12: 10000 | H12: 234.45229 | I12: 9813 | J12: 187 | K12: 0.9813 | L12: 0.98134644 | M12: 0.9813 | N12: 0.98131045 | O12: 0.5 | P12: 7 | Q12: 99999999 | R12: 784
A13: 100 | B13: Arabic | C13: Support Vector Machine | D13: Flood Fill | E13: 22.073519 | F13: 60000 | G13: 10000 | H13: 43.234459 | I13: 9702 | J13: 298 | K13: 0.9702 | L13: 0.97036015 | M13: 0.9702 | N13: 0.9702193 | O13: 0.22858051 | P13: 7 | Q13: 99999999 | R13: 43
... A121: 114 | B121: USPS | C121: XGBoost | D121: UMAP | E121: 2.5778076 | F121: 7291 | G121: 2007 | H121: 29.321777 | I121: 1857 | J121: 150 | K121: 0.92526158 | L121: 0.92328982 | M121: 0.91622343 | N121: 0.91911372 | O121: 0.5 | P121: 7 | Q121: 99999999 | R121: 43

Sheet Tabele
A1: Dataset | B1: Classification | C1: Reduction | D1: Accuracy
A2: =Dane!B2 -> Arabic | B2: =Dane!C2 -> K-Nearest Neighbors | C2: =Dane!D2 -> Brak redukcji | D2: =Dane!K2 -> 0.9714 | F2: Maksimum z Accuracy | G2: Etykiety kolumn
A3: =Dane!B3 -> Arabic | B3: =Dane!C3 -> K-Nearest Neighbors | C3: =Dane!D3 -> Flood Fill | D3: =Dane!K3 -> 0.961 | F3: Etykiety wierszy | G3: Brak redukcji | H3: Flood Fill | I3: LDA | J3: PCA | K3: UMAP
A4: =Dane!B4 -> Arabic | B4: =Dane!C4 -> K-Nearest Neighbors | C4: =Dane!D4 -> LDA | D4: =Dane!K4 -> 0.9549 | F4: K-Nearest Neighbors | G4: 0.9714 | H4: 0.961 | I4: 0.9549 | J4: 0.9829 | K4: 0.9716
A5: =Dane!B5 -> Arabic | B5: =Dane!C5 -> K-Nearest Neighbors | C5: =Dane!D5 -> PCA | D5: =Dane!K5 -> 0.9829 | F5: Multi-Layer Perceptron | G5: 0.981 | H5: 0.9805 | I5: 0.9515 | J5: 0.9838 | K5: 0.9707
A6: =Dane!B6 -> Arabic | B6: =Dane!C6 -> K-Nearest Neighbors | C6: =Dane!D6 -> UMAP | D6: =Dane!K6 -> 0.9716 | F6: Support Vector Machine | G6: 0.9813 | H6: 0.9702 | I6: 0.9548 | J6: 0.9839 | K6: 0.9705
A7: =Dane!B7 -> Arabic | B7: =Dane!C7 -> Multi-Layer Perceptron | C7: =Dane!D7 -> Brak redukcji | D7: =Dane!K7 -> 0.981 | F7: XGBoost | G7: 0.9725 | H7: 0.9794 | I7: 0.953 | J7: 0.9749 | K7: 0.9711
A8: =Dane!B8 -> Arabic | B8: =Dane!C8 -> Multi-Layer Perceptron | C8: =Dane!D8 -> Flood Fill | D8: =Dane!K8 -> 0.9805
A9: =Dane!B9 -> Arabic | B9: =Dane!C9 -> Multi-Layer Perceptron | C9: =Dane!D9 -> LDA | D9: =Dane!K9 -> 0.9515
A10: =Dane!B10 -> Arabic | B10: =Dane!C10 -> Multi-Layer Perceptron | C10: =Dane!D10 -> PCA | D10: =Dane!K10 -> 0.9838
A11: =Dane!B11 -> Arabic | B11: =Dane!C11 -> Multi-Layer Perceptron | C11: =Dane!D11 -> UMAP | D11: =Dane!K11 -> 0.9707
A12: =Dane!B12 -> Arabic | B12: =Dane!C12 -> Support Vector Machine | C12: =Dane!D12 -> Brak redukcji | D12: =Dane!K12 -> 0.9813
A13: =Dane!B13 -> Arabic | B13: =Dane!C13 -> Support Vector Machine | C13: =Dane!D13 -> Flood Fill | D13: =Dane!K13 -> 0.9702
A14: =Dane!B14 -> Arabic | B14: =Dane!C14 -> Support Vector Machine | C14: =Dane!D14 -> LDA | D14: =Dane!K14 -> 0.9548
A15: =Dane!B15 -> Arabic | B15: =Dane!C15 -> Support Vector Machine | C15: =Dane!D15 -> PCA | D15: =Dane!K15 -> 0.9839
A16: =Dane!B16 -> Arabic | B16: =Dane!C16 -> Support Vector Machine | C16: =Dane!D16 -> UMAP | D16: =Dane!K16 -> 0.9705
A17: =Dane!B17 -> Arabic | B17: =Dane!C17 -> XGBoost | C17: =Dane!D17 -> Brak redukcji | D17: =Dane!K17 -> 0.9725
A18: =Dane!B18 -> Arabic | B18: =Dane!C18 -> XGBoost | C18: =Dane!D18 -> Flood Fill | D18: =Dane!K18 -> 0.9794
A19: =Dane!B19 -> Arabic | B19: =Dane!C19 -> XGBoost | C19: =Dane!D19 -> LDA | D19: =Dane!K19 -> 0.953
... A21: =Dane!B21 -> Arabic | B21: =Dane!C21 -> XGBoost | C21: =Dane!D21 -> UMAP | D21: =Dane!K21 -> 0.9711
A22: Dataset | B22: Classification | C22: Reduction | D22: Accuracy | F22: Maksimum z Accuracy | G22: Etykiety kolumn
A23: =Dane!B22 -> EMNIST-Balanced | B23: =Dane!C22 -> K-Nearest Neighbors | C23: =Dane!D22 -> Brak redukcji | D23: =Dane!K22 -> 0.74696809 | F23: Etykiety wierszy | G23: Brak redukcji | H23: Flood Fill | I23: LDA | J23: PCA | K23: UMAP
A24: =Dane!B23 -> EMNIST-Balanced | B24: =Dane!C23 -> K-Nearest Neighbors | C24: =Dane!D23 -> Flood Fill | D24: =Dane!K23 -> 0.66239362 | F24: K-Nearest Neighbors | G24: 0.74696809 | H24: 0.66239362 | I24: 0.74457447 | J24: 0.80702128 | K24: 0.71845745
A25: =Dane!B24 -> EMNIST-Balanced | B25: =Dane!C24 -> K-Nearest Neighbors | C25: =Dane!D24 -> LDA | D25: =Dane!K24 -> 0.74457447 | F25: Multi-Layer Perceptron | G25: 0.80053191 | H25: 0.75952128 | I25: 0.76643617 | J25: 0.82356383 | K25: 0.71478723
A26: =Dane!B25 -> EMNIST-Balanced | B26: =Dane!C25 -> K-Nearest Neighbors | C26: =Dane!D25 -> PCA | D26: =Dane!K25 -> 0.80702128 | F26: Support Vector Machine | G26: 0.82723404 | H26: 0.71526596 | I26: 0.81101064 | J26: 0.85079787 | K26: 0.70382979
A27: =Dane!B26 -> EMNIST-Balanced | B27: =Dane!C26 -> K-Nearest Neighbors | C27: =Dane!D26 -> UMAP | D27: =Dane!K26 -> 0.71845745 | F27: XGBoost | G27: 0.77367021 | H27: 0.75042553 | I27: 0.73856383 | J27: 0.76265957 | K27: 0.73941489
A28: =Dane!B27 -> EMNIST-Balanced | B28: =Dane!C27 -> Multi-Layer Perceptron | C28: =Dane!D27 -> Brak redukcji | D28: =Dane!K27 -> 0.80053191
A29: =Dane!B28 -> EMNIST-Balanced | B29: =Dane!C28 -> Multi-Layer Perceptron | C29: =Dane!D28 -> Flood Fill | D29: =Dane!K28 -> 0.75952128
A30: =Dane!B29 -> EMNIST-Balanced | B30: =Dane!C29 -> Multi-Layer Perceptron | C30: =Dane!D29 -> LDA | D30: =Dane!K29 -> 0.76643617
A31: =Dane!B30 -> EMNIST-Balanced | B31: =Dane!C30 -> Multi-Layer Perceptron | C31: =Dane!D30 -> PCA | D31: =Dane!K30 -> 0.82356383
A32: =Dane!B31 -> EMNIST-Balanced | B32: =Dane!C31 -> Multi-Layer Perceptron | C32: =Dane!D31 -> UMAP | D32: =Dane!K31 -> 0.71478723
A33: =Dane!B32 -> EMNIST-Balanced | B33: =Dane!C32 -> Support Vector Machine | C33: =Dane!D32 -> Brak redukcji | D33: =Dane!K32 -> 0.82723404
A34: =Dane!B33 -> EMNIST-Balanced | B34: =Dane!C33 -> Support Vector Machine | C34: =Dane!D33 -> Flood Fill | D34: =Dane!K33 -> 0.71526596
A35: =Dane!B34 -> EMNIST-Balanced | B35: =Dane!C34 -> Support Vector Machine | C35: =Dane!D34 -> LDA | D35: =Dane!K34 -> 0.81101064
A36: =Dane!B35 -> EMNIST-Balanced | B36: =Dane!C35 -> Support Vector Machine | C36: =Dane!D35 -> PCA | D36: =Dane!K35 -> 0.85079787
A37: =Dane!B36 -> EMNIST-Balanced | B37: =Dane!C36 -> Support Vector Machine | C37: =Dane!D36 -> UMAP | D37: =Dane!K36 -> 0.70382979
A38: =Dane!B37 -> EMNIST-Balanced | B38: =Dane!C37 -> XGBoost | C38: =Dane!D37 -> Brak redukcji | D38: =Dane!K37 -> 0.77367021
A39: =Dane!B38 -> EMNIST-Balanced | B39: =Dane!C38 -> XGBoost | C39: =Dane!D38 -> Flood Fill | D39: =Dane!K38 -> 0.75042553
... A41: =Dane!B40 -> EMNIST-Balanced | B41: =Dane!C40 -> XGBoost | C41: =Dane!D40 -> PCA | D41: =Dane!K40 -> 0.76265957
A42: =Dane!B41 -> EMNIST-Balanced | B42: =Dane!C41 -> XGBoost | C42: =Dane!D41 -> UMAP | D42: =Dane!K41 -> 0.73941489 | F42: Maksimum z Accuracy | G42: Etykiety kolumn
A43: Dataset | B43: Classification | C43: Reduction | D43: Accuracy | F43: Etykiety wierszy | G43: Brak redukcji | H43: Flood Fill | I43: LDA | J43: PCA | K43: UMAP
A44: =Dane!B42 -> EMNIST-Digits | B44: =Dane!C42 -> K-Nearest Neighbors | C44: =Dane!D42 -> Brak redukcji | D44: =Dane!K42 -> 0.973225 | F44: K-Nearest Neighbors | G44: 0.973225 | H44: 0.92045 | I44: 0.93895 | J44: 0.9867 | K44: 0.968525
A45: =Dane!B43 -> EMNIST-Digits | B45: =Dane!C43 -> K-Nearest Neighbors | C45: =Dane!D43 -> Flood Fill | D45: =Dane!K43 -> 0.92045 | F45: Multi-Layer Perceptron | G45: 0.98825 | H45: 0.960125 | I45: 0.932 | J45: 0.990275 | K45: 0.968475
A46: =Dane!B44 -> EMNIST-Digits | B46: =Dane!C44 -> K-Nearest Neighbors | C46: =Dane!D44 -> LDA | D46: =Dane!K44 -> 0.93895 | F46: Support Vector Machine | G46: 0.987225 | H46: 0.93685 | I46: 0.94155 | J46: 0.99065 | K46: 0.96815
A47: =Dane!B45 -> EMNIST-Digits | B47: =Dane!C45 -> K-Nearest Neighbors | C47: =Dane!D45 -> PCA | D47: =Dane!K45 -> 0.9867 | F47: XGBoost | G47: 0.975425 | H47: 0.942775 | I47: 0.93395 | J47: 0.96445 | K47: 0.968925
A48: =Dane!B46 -> EMNIST-Digits | B48: =Dane!C46 -> K-Nearest Neighbors | C48: =Dane!D46 -> UMAP | D48: =Dane!K46 -> 0.968525
A49: =Dane!B47 -> EMNIST-Digits | B49: =Dane!C47 -> Multi-Layer Perceptron | C49: =Dane!D47 -> Brak redukcji | D49: =Dane!K47 -> 0.98825
A50: =Dane!B48 -> EMNIST-Digits | B50: =Dane!C48 -> Multi-Layer Perceptron | C50: =Dane!D48 -> Flood Fill | D50: =Dane!K48 -> 0.960125
A51: =Dane!B49 -> EMNIST-Digits | B51: =Dane!C49 -> Multi-Layer Perceptron | C51: =Dane!D49 -> LDA | D51: =Dane!K49 -> 0.932
A52: =Dane!B50 -> EMNIST-Digits | B52: =Dane!C50 -> Multi-Layer Perceptron | C52: =Dane!D50 -> PCA | D52: =Dane!K50 -> 0.990275
A53: =Dane!B51 -> EMNIST-Digits | B53: =Dane!C51 -> Multi-Layer Perceptron | C53: =Dane!D51 -> UMAP | D53: =Dane!K51 -> 0.968475
A54: =Dane!B52 -> EMNIST-Digits | B54: =Dane!C52 -> Support Vector Machine | C54: =Dane!D52 -> Brak redukcji | D54: =Dane!K52 -> 0.987225
A55: =Dane!B53 -> EMNIST-Digits | B55: =Dane!C53 -> Support Vector Machine | C55: =Dane!D53 -> Flood Fill | D55: =Dane!K53 -> 0.93685
A56: =Dane!B54 -> EMNIST-Digits | B56: =Dane!C54 -> Support Vector Machine | C56: =Dane!D54 -> LDA | D56: =Dane!K54 -> 0.94155
A57: =Dane!B55 -> EMNIST-Digits | B57: =Dane!C55 -> Support Vector Machine | C57: =Dane!D55 -> PCA | D57: =Dane!K55 -> 0.99065
A58: =Dane!B56 -> EMNIST-Digits | B58: =Dane!C56 -> Support Vector Machine | C58: =Dane!D56 -> UMAP | D58: =Dane!K56 -> 0.96815
A59: =Dane!B57 -> EMNIST-Digits | B59: =Dane!C57 -> XGBoost | C59: =Dane!D57 -> Brak redukcji | D59: =Dane!K57 -> 0.975425
... A61: =Dane!B59 -> EMNIST-Digits | B61: =Dane!C59 -> XGBoost | C61: =Dane!D59 -> LDA | D61: =Dane!K59 -> 0.93395
A62: =Dane!B60 -> EMNIST-Digits | B62: =Dane!C60 -> XGBoost | C62: =Dane!D60 -> PCA | D62: =Dane!K60 -> 0.96445 | F62: Maksimum z Accuracy | G62: Etykiety kolumn
A63: =Dane!B61 -> EMNIST-Digits | B63: =Dane!C61 -> XGBoost | C63: =Dane!D61 -> UMAP | D63: =Dane!K61 -> 0.968925 | F63: Etykiety wierszy | G63: Brak redukcji | H63: Flood Fill | I63: LDA | J63: PCA | K63: UMAP
A64: Dataset | B64: Classification | C64: Reduction | D64: Accuracy | F64: K-Nearest Neighbors | G64: 0.8025 | H64: 0.7984 | I64: 0.8326 | J64: 0.8579 | K64: 0.8063
A65: =Dane!B62 -> Fashion-MNIST | B65: =Dane!C62 -> K-Nearest Neighbors | C65: =Dane!D62 -> Brak redukcji | D65: =Dane!K62 -> 0.8025 | F65: Multi-Layer Perceptron | G65: 0.8476 | H65: 0.821 | I65: 0.8087 | J65: 0.884 | K65: 0.799
A66: =Dane!B63 -> Fashion-MNIST | B66: =Dane!C63 -> K-Nearest Neighbors | C66: =Dane!D63 -> Flood Fill | D66: =Dane!K63 -> 0.7984 | F66: Support Vector Machine | G66: 0.8546 | H66: 0.7781 | I66: 0.8403 | J66: 0.8806 | K66: 0.7729
A67: =Dane!B64 -> Fashion-MNIST | B67: =Dane!C64 -> K-Nearest Neighbors | C67: =Dane!D64 -> LDA | D67: =Dane!K64 -> 0.8326 | F67: XGBoost | G67: 0.8388 | H67: 0.826 | I67: 0.8395 | J67: 0.8689 | K67: 0.8284
A68: =Dane!B65 -> Fashion-MNIST | B68: =Dane!C65 -> K-Nearest Neighbors | C68: =Dane!D65 -> PCA | D68: =Dane!K65 -> 0.8579
A69: =Dane!B66 -> Fashion-MNIST | B69: =Dane!C66 -> K-Nearest Neighbors | C69: =Dane!D66 -> UMAP | D69: =Dane!K66 -> 0.8063
A70: =Dane!B67 -> Fashion-MNIST | B70: =Dane!C67 -> Multi-Layer Perceptron | C70: =Dane!D67 -> Brak redukcji | D70: =Dane!K67 -> 0.8476
A71: =Dane!B68 -> Fashion-MNIST | B71: =Dane!C68 -> Multi-Layer Perceptron | C71: =Dane!D68 -> Flood Fill | D71: =Dane!K68 -> 0.821
A72: =Dane!B69 -> Fashion-MNIST | B72: =Dane!C69 -> Multi-Layer Perceptron | C72: =Dane!D69 -> LDA | D72: =Dane!K69 -> 0.8087
A73: =Dane!B70 -> Fashion-MNIST | B73: =Dane!C70 -> Multi-Layer Perceptron | C73: =Dane!D70 -> PCA | D73: =Dane!K70 -> 0.884
A74: =Dane!B71 -> Fashion-MNIST | B74: =Dane!C71 -> Multi-Layer Perceptron | C74: =Dane!D71 -> UMAP | D74: =Dane!K71 -> 0.799
A75: =Dane!B72 -> Fashion-MNIST | B75: =Dane!C72 -> Support Vector Machine | C75: =Dane!D72 -> Brak redukcji | D75: =Dane!K72 -> 0.8546
A76: =Dane!B73 -> Fashion-MNIST | B76: =Dane!C73 -> Support Vector Machine | C76: =Dane!D73 -> Flood Fill | D76: =Dane!K73 -> 0.7781
A77: =Dane!B74 -> Fashion-MNIST | B77: =Dane!C74 -> Support Vector Machine | C77: =Dane!D74 -> LDA | D77: =Dane!K74 -> 0.8403
A78: =Dane!B75 -> Fashion-MNIST | B78: =Dane!C75 -> Support Vector Machine | C78: =Dane!D75 -> PCA | D78: =Dane!K75 -> 0.8806
A79: =Dane!B76 -> Fashion-MNIST | B79: =Dane!C76 -> Support Vector Machine | C79: =Dane!D76 -> UMAP | D79: =Dane!K76 -> 0.7729
... A81: =Dane!B78 -> Fashion-MNIST | B81: =Dane!C78 -> XGBoost | C81: =Dane!D78 -> Flood Fill | D81: =Dane!K78 -> 0.826
A82: =Dane!B79 -> Fashion-MNIST | B82: =Dane!C79 -> XGBoost | C82: =Dane!D79 -> LDA | D82: =Dane!K79 -> 0.8395 | F82: Maksimum z Accuracy | G82: Etykiety kolumn
A83: =Dane!B80 -> Fashion-MNIST | B83: =Dane!C80 -> XGBoost | C83: =Dane!D80 -> PCA | D83: =Dane!K80 -> 0.8689 | F83: Etykiety wierszy | G83: Brak redukcji | H83: Flood Fill | I83: LDA | J83: PCA | K83: UMAP
A84: =Dane!B81 -> Fashion-MNIST | B84: =Dane!C81 -> XGBoost | C84: =Dane!D81 -> UMAP | D84: =Dane!K81 -> 0.8284 | F84: K-Nearest Neighbors | G84: 0.9576 | H84: 0.9582 | I84: 0.9145 | J84: 0.9744 | K84: 0.9549
A85: Dataset | B85: Classification | C85: Reduction | D85: Accuracy | F85: Multi-Layer Perceptron | G85: 0.974 | H85: 0.9778 | I85: 0.9066 | J85: 0.9844 | K85: 0.9541
A86: =Dane!B82 -> MNIST | B86: =Dane!C82 -> K-Nearest Neighbors | C86: =Dane!D82 -> Brak redukcji | D86: =Dane!K82 -> 0.9576 | F86: Support Vector Machine | G86: 0.9769 | H86: 0.9716 | I86: 0.9215 | J86: 0.9828 | K86: 0.9541
A87: =Dane!B83 -> MNIST | B87: =Dane!C83 -> K-Nearest Neighbors | C87: =Dane!D83 -> Flood Fill | D87: =Dane!K83 -> 0.9582 | F87: XGBoost | G87: 0.9654 | H87: 0.9757 | I87: 0.9128 | J87: 0.9551 | K87: 0.9556
A88: =Dane!B84 -> MNIST | B88: =Dane!C84 -> K-Nearest Neighbors | C88: =Dane!D84 -> LDA | D88: =Dane!K84 -> 0.9145
A89: =Dane!B85 -> MNIST | B89: =Dane!C85 -> K-Nearest Neighbors | C89: =Dane!D85 -> PCA | D89: =Dane!K85 -> 0.9744
A90: =Dane!B86 -> MNIST | B90: =Dane!C86 -> K-Nearest Neighbors | C90: =Dane!D86 -> UMAP | D90: =Dane!K86 -> 0.9549
A91: =Dane!B87 -> MNIST | B91: =Dane!C87 -> Multi-Layer Perceptron | C91: =Dane!D87 -> Brak redukcji | D91: =Dane!K87 -> 0.974
A92: =Dane!B88 -> MNIST | B92: =Dane!C88 -> Multi-Layer Perceptron | C92: =Dane!D88 -> Flood Fill | D92: =Dane!K88 -> 0.9778
A93: =Dane!B89 -> MNIST | B93: =Dane!C89 -> Multi-Layer Perceptron | C93: =Dane!D89 -> LDA | D93: =Dane!K89 -> 0.9066
A94: =Dane!B90 -> MNIST | B94: =Dane!C90 -> Multi-Layer Perceptron | C94: =Dane!D90 -> PCA | D94: =Dane!K90 -> 0.9844
A95: =Dane!B91 -> MNIST | B95: =Dane!C91 -> Multi-Layer Perceptron | C95: =Dane!D91 -> UMAP | D95: =Dane!K91 -> 0.9541
A96: =Dane!B92 -> MNIST | B96: =Dane!C92 -> Support Vector Machine | C96: =Dane!D92 -> Brak redukcji | D96: =Dane!K92 -> 0.9769
A97: =Dane!B93 -> MNIST | B97: =Dane!C93 -> Support Vector Machine | C97: =Dane!D93 -> Flood Fill | D97: =Dane!K93 -> 0.9716
A98: =Dane!B94 -> MNIST | B98: =Dane!C94 -> Support Vector Machine | C98: =Dane!D94 -> LDA | D98: =Dane!K94 -> 0.9215
A99: =Dane!B95 -> MNIST | B99: =Dane!C95 -> Support Vector Machine | C99: =Dane!D95 -> PCA | D99: =Dane!K95 -> 0.9828
... A101: =Dane!B97 -> MNIST | B101: =Dane!C97 -> XGBoost | C101: =Dane!D97 -> Brak redukcji | D101: =Dane!K97 -> 0.9654
A102: =Dane!B98 -> MNIST | B102: =Dane!C98 -> XGBoost | C102: =Dane!D98 -> Flood Fill | D102: =Dane!K98 -> 0.9757 | F102: Maksimum z Accuracy | G102: Etykiety kolumn
A103: =Dane!B99 -> MNIST | B103: =Dane!C99 -> XGBoost | C103: =Dane!D99 -> LDA | D103: =Dane!K99 -> 0.9128 | F103: Etykiety wierszy | G103: Brak redukcji | H103: Flood Fill | I103: LDA | J103: PCA | K103: UMAP
A104: =Dane!B100 -> MNIST | B104: =Dane!C100 -> XGBoost | C104: =Dane!D100 -> PCA | D104: =Dane!K100 -> 0.9551 | F104: K-Nearest Neighbors | G104: 0.91131041 | H104: 0.89885401 | I104: 0.90533134 | J104: 0.94818137 | K104: 0.92974589
A105: =Dane!B101 -> MNIST | B105: =Dane!C101 -> XGBoost | C105: =Dane!D101 -> UMAP | D105: =Dane!K101 -> 0.9556 | F105: Multi-Layer Perceptron | G105: 0.92526158 | H105: 0.92127554 | I105: 0.90333832 | J105: 0.94170404 | K105: 0.92227205
...

Sheet Dane corrupted
A1: test_id | B1: dataset_name | C1: classifier_name | D1: reduction_name | E1: training_time | F1: train_set_size | G1: test_set_size | H1: execution_time | I1: correct_predictions | J1: incorrect_predictions | K1: accuracy | L1: precision | M1: recall | N1: f1_score | O1: pixel_normalization_rate | P1: num_segments | Q1: training_set_limit | R1: n_components
A2: 21 | B2: MNIST-C (Brightness) | C2: K-Nearest Neighbors | D2: Brak redukcji | E2: 0.0355744 | F2: 60000 | G2: 10000 | H2: 16.435479 | I2: 9625 | J2: 375 | K2: 0.9625 | L2: 0.96310316 | M2: 0.96194103 | N2: 0.96232152 | O2: 0.5 | P2: 7 | Q2: 99999999 | R2: 784
A3: 37 | B3: MNIST-C (Brightness) | C3: K-Nearest Neighbors | D3: Flood Fill | E3: 0.0034897 | F3: 60000 | G3: 10000 | H3: 7.4888969 | I3: 980 | J3: 9020 | K3: 0.098 | L3: 0.0098 | M3: 0.1 | N3: 0.017850638 | O3: 0.22858051 | P3: 7 | Q3: 99999999 | R3: 43
A4: 29 | B4: MNIST-C (Brightness) | C4: K-Nearest Neighbors | D4: LDA | E4: 0.080101 | F4: 60000 | G4: 10000 | H4: 10.267389 | I4: 9169 | J4: 831 | K4: 0.9169 | L4: 0.91586441 | M4: 0.91567848 | N4: 0.91560182 | O4: 0.5 | P4: 7 | Q4: 99999999 | R4: 9
A5: 25 | B5: MNIST-C (Brightness) | C5: K-Nearest Neighbors | D5: PCA | E5: 0.0037932 | F5: 60000 | G5: 10000 | H5: 9.244563 | I5: 9748 | J5: 252 | K5: 0.9748 | L5: 0.97493286 | M5: 0.97453953 | N5: 0.97469091 | O5: 0.5 | P5: 7 | Q5: 99999999 | R5: 43
A6: 33 | B6: MNIST-C (Brightness) | C6: K-Nearest Neighbors | D6: UMAP | E6: 0.0032555 | F6: 60000 | G6: 10000 | H6: 102.15828 | I6: 9583 | J6: 417 | K6: 0.9583 | L6: 0.95902482 | M6: 0.95781746 | N6: 0.95818245 | O6: 0.5 | P6: 7 | Q6: 99999999 | R6: 43
A7: 23 | B7: MNIST-C (Brightness) | C7: Multi-Layer Perceptron | D7: Brak redukcji | E7: 191.0014 | F7: 60000 | G7: 10000 | H7: 202.34836 | I7: 9767 | J7: 233 | K7: 0.9767 | L7: 0.97652846 | M7: 0.97642085 | N7: 0.97643392 | O7: 0.5 | P7: 7 | Q7: 99999999 | R7: 784
A8: 39 | B8: MNIST-C (Brightness) | C8: Multi-Layer Perceptron | D8: Flood Fill | E8: 10.257892 | F8: 60000 | G8: 10000 | H8: 17.181865 | I8: 1135 | J8: 8865 | K8: 0.1135 | L8: 0.01135 | M8: 0.1 | N8: 0.02038617 | O8: 0.22858051 | P8: 7 | Q8: 99999999 | R8: 43
A9: 31 | B9: MNIST-C (Brightness) | C9: Multi-Layer Perceptron | D9: LDA | E9: 292.81694 | F9: 60000 | G9: 10000 | H9: 303.08455 | I9: 9060 | J9: 940 | K9: 0.906 | L9: 0.90538666 | M9: 0.90504829 | N9: 0.90485661 | O9: 0.5 | P9: 7 | Q9: 99999999 | R9: 9
A10: 27 | B10: MNIST-C (Brightness) | C10: Multi-Layer Perceptron | D10: PCA | E10: 49.962911 | F10: 60000 | G10: 10000 | H10: 57.635941 | I10: 9823 | J10: 177 | K10: 0.9823 | L10: 0.98223704 | M10: 0.98214772 | N10: 0.98218382 | O10: 0.5 | P10: 7 | Q10: 99999999 | R10: 43
A11: 35 | B11: MNIST-C (Brightness) | C11: Multi-Layer Perceptron | D11: UMAP | E11: 85.286964 | F11: 60000 | G11: 10000 | H11: 180.8803 | I11: 9572 | J11: 428 | K11: 0.9572 | L11: 0.95789441 | M11: 0.95676125 | N11: 0.9570874 | O11: 0.5 | P11: 7 | Q11: 99999999 | R11: 43
A12: 24 | B12: MNIST-C (Brightness) | C12: Support Vector Machine | D12: Brak redukcji | E12: 153.4317 | F12: 60000 | G12: 10000 | H12: 230.95839 | I12: 9756 | J12: 244 | K12: 0.9756 | L12: 0.97560904 | M12: 0.97538278 | N12: 0.9754694 | O12: 0.5 | P12: 7 | Q12: 99999999 | R12: 784
A13: 40 | B13: MNIST-C (Brightness) | C13: Support Vector Machine | D13: Flood Fill | E13: 298.3784 | F13: 60000 | G13: 10000 | H13: 347.40346 | I13: 1135 | J13: 8865 | K13: 0.1135 | L13: 0.01135 | M13: 0.1 | N13: 0.02038617 | O13: 0.22858051 | P13: 7 | Q13: 99999999 | R13: 43
... A321: 22 | B321: MNIST-C (Zigzag) | C321: XGBoost | D321: UMAP | E321: 4.721445 | F321: 60000 | G321: 10000 | H321: 111.28574 | I321: 7741 | J321: 2259 | K321: 0.7741 | L321: 0.78285772 | M321: 0.77124515 | N321: 0.77209764 | O321: 0.5 | P321: 7 | Q321: 99999999 | R321: 43

Sheet Tabele Corrupted
A1: Dataset | B1: Classification | C1: Reduction | D1: Accuracy
A2: ='Dane corrupted'!B2 -> MNIST-C (Brightness) | B2: ='Dane corrupted'!C2 -> K-Nearest Neighbors | C2: ='Dane corrupted'!D2 -> Brak redukcji | D2: ='Dane corrupted'!K2 -> 0.9625 | F2: Maksimum z Accuracy | G2: Etykiety kolumn
A3: ='Dane corrupted'!B3 -> MNIST-C (Brightness) | B3: ='Dane corrupted'!C3 -> K-Nearest Neighbors | C3: ='Dane corrupted'!D3 -> Flood Fill | D3: ='Dane corrupted'!K3 -> 0.098 | F3: Etykiety wierszy | G3: Brak redukcji | H3: Flood Fill | I3: LDA | J3: PCA | K3: UMAP
A4: ='Dane corrupted'!B4 -> MNIST-C (Brightness) | B4: ='Dane corrupted'!C4 -> K-Nearest Neighbors | C4: ='Dane corrupted'!D4 -> LDA | D4: ='Dane corrupted'!K4 -> 0.9169 | F4: K-Nearest Neighbors | G4: 0.9714 | H4: 0.961 | I4: 0.9549 | J4: 0.9829 | K4: 0.9716
A5: ='Dane corrupted'!B5 -> MNIST-C (Brightness) | B5: ='Dane corrupted'!C5 -> K-Nearest Neighbors | C5: ='Dane corrupted'!D5 -> PCA | D5: ='Dane corrupted'!K5 -> 0.9748 | F5: Multi-Layer Perceptron | G5: 0.981 | H5: 0.9805 | I5: 0.9515 | J5: 0.9838 | K5: 0.9707
A6: ='Dane corrupted'!B6 -> MNIST-C (Brightness) | B6: ='Dane corrupted'!C6 -> K-Nearest Neighbors | C6: ='Dane corrupted'!D6 -> UMAP | D6: ='Dane corrupted'!K6 -> 0.9583 | F6: Support Vector Machine | G6: 0.9813 | H6: 0.9702 | I6: 0.9548 | J6: 0.9839 | K6: 0.9705
A7: ='Dane corrupted'!B7 -> MNIST-C (Brightness) | B7: ='Dane corrupted'!C7 -> Multi-Layer Perceptron | C7: ='Dane corrupted'!D7 -> Brak redukcji | D7: ='Dane corrupted'!K7 -> 0.9767 | F7: XGBoost | G7: 0.9725 | H7: 0.9794 | I7: 0.953 | J7: 0.9749 | K7: 0.9711
A8: ='Dane corrupted'!B8 -> MNIST-C (Brightness) | B8: ='Dane corrupted'!C8 -> Multi-Layer Perceptron | C8: ='Dane corrupted'!D8 -> Flood Fill | D8: ='Dane corrupted'!K8 -> 0.1135
A9: ='Dane corrupted'!B9 -> MNIST-C (Brightness) | B9: ='Dane corrupted'!C9 -> Multi-Layer Perceptron | C9: ='Dane corrupted'!D9 -> LDA | D9: ='Dane corrupted'!K9 -> 0.906
A10: ='Dane corrupted'!B10 -> MNIST-C (Brightness) | B10: ='Dane corrupted'!C10 -> Multi-Layer Perceptron | C10: ='Dane corrupted'!D10 -> PCA | D10: ='Dane corrupted'!K10 -> 0.9823
A11: ='Dane corrupted'!B11 -> MNIST-C (Brightness) | B11: ='Dane corrupted'!C11 -> Multi-Layer Perceptron | C11: ='Dane corrupted'!D11 -> UMAP | D11: ='Dane corrupted'!K11 -> 0.9572
A12: ='Dane corrupted'!B12 -> MNIST-C (Brightness) | B12: ='Dane corrupted'!C12 -> Support Vector Machine | C12: ='Dane corrupted'!D12 -> Brak redukcji | D12: ='Dane corrupted'!K12 -> 0.9756
A13: ='Dane corrupted'!B13 -> MNIST-C (Brightness) | B13: ='Dane corrupted'!C13 -> Support Vector Machine | C13: ='Dane corrupted'!D13 -> Flood Fill | D13: ='Dane corrupted'!K13 -> 0.1135
A14: ='Dane corrupted'!B14 -> MNIST-C (Brightness) | B14: ='Dane corrupted'!C14 -> Support Vector Machine | C14: ='Dane corrupted'!D14 -> LDA | D14: ='Dane corrupted'!K14 -> 0.9205
A15: ='Dane corrupted'!B15 -> MNIST-C (Brightness) | B15: ='Dane corrupted'!C15 -> Support Vector Machine | C15: ='Dane corrupted'!D15 -> PCA | D15: ='Dane corrupted'!K15 -> 0.9837
A16: ='Dane corrupted'!B16 -> MNIST-C (Brightness) | B16: ='Dane corrupted'!C16 -> Support Vector Machine | C16: ='Dane corrupted'!D16 -> UMAP | D16: ='Dane corrupted'!K16 -> 0.9567
A17: ='Dane corrupted'!B17 -> MNIST-C (Brightness) | B17: ='Dane corrupted'!C17 -> XGBoost | C17: ='Dane corrupted'!D17 -> Brak redukcji | D17: ='Dane corrupted'!K17 -> 0.9696
A18: ='Dane corrupted'!B18 -> MNIST-C (Brightness) | B18: ='Dane corrupted'!C18 -> XGBoost | C18: ='Dane corrupted'!D18 -> Flood Fill | D18: ='Dane corrupted'!K18 -> 0.1135
A19: ='Dane corrupted'!B19 -> MNIST-C (Brightness) | B19: ='Dane corrupted'!C19 -> XGBoost | C19: ='Dane corrupted'!D19 -> LDA | D19: ='Dane corrupted'!K19 -> 0.9154
... A21: ='Dane corrupted'!B21 -> MNIST-C (Brightness) | B21: ='Dane corrupted'!C21 -> XGBoost | C21: ='Dane corrupted'!D21 -> UMAP | D21: ='Dane corrupted'!K21 -> 0.9586
A22: Dataset | B22: Classification | C22: Reduction | D22: Accuracy | F22: Maksimum z Accuracy | G22: Etykiety kolumn
A23: ='Dane corrupted'!B22 -> MNIST-C (Canny Edges) | B23: ='Dane corrupted'!C22 -> K-Nearest Neighbors | C23: ='Dane corrupted'!D22 -> Brak redukcji | D23: ='Dane corrupted'!K22 -> 0.9084 | F23: Etykiety wierszy | G23: Brak redukcji | H23: Flood Fill | I23: LDA | J23: PCA | K23: UMAP
A24: ='Dane corrupted'!B23 -> MNIST-C (Canny Edges) | B24: ='Dane corrupted'!C23 -> K-Nearest Neighbors | C24: ='Dane corrupted'!D23 -> Flood Fill | D24: ='Dane corrupted'!K23 -> 0.9457 | F24: K-Nearest Neighbors | G24: 0.74696809 | H24: 0.66239362 | I24: 0.74457447 | J24: 0.80702128 | K24: 0.71845745
A25: ='Dane corrupted'!B24 -> MNIST-C (Canny Edges) | B25: ='Dane corrupted'!C24 -> K-Nearest Neighbors | C25: ='Dane corrupted'!D24 -> LDA | D25: ='Dane corrupted'!K24 -> 0.8791 | F25: Multi-Layer Perceptron | G25: 0.80053191 | H25: 0.75952128 | I25: 0.76643617 | J25: 0.82356383 | K25: 0.71478723
A26: ='Dane corrupted'!B25 -> MNIST-C (Canny Edges) | B26: ='Dane corrupted'!C25 -> K-Nearest Neighbors | C26: ='Dane corrupted'!D25 -> PCA | D26: ='Dane corrupted'!K25 -> 0.9006 | F26: Support Vector Machine | G26: 0.82723404 | H26: 0.71526596 | I26: 0.81101064 | J26: 0.85079787 | K26: 0.70382979
A27: ='Dane corrupted'!B26 -> MNIST-C (Canny Edges) | B27: ='Dane corrupted'!C26 -> K-Nearest Neighbors | C27: ='Dane corrupted'!D26 -> UMAP | D27: ='Dane corrupted'!K26 -> 0.8717 | F27: XGBoost | G27: 0.77367021 | H27: 0.75042553 | I27: 0.73856383 | J27: 0.76265957 | K27: 0.73941489
A28: ='Dane corrupted'!B27 -> MNIST-C (Canny Edges) | B28: ='Dane corrupted'!C27 -> Multi-Layer Perceptron | C28: ='Dane corrupted'!D27 -> Brak redukcji | D28: ='Dane corrupted'!K27 -> 0.9575
A29: ='Dane corrupted'!B28 -> MNIST-C (Canny Edges) | B29: ='Dane corrupted'!C28 -> Multi-Layer Perceptron | C29: ='Dane corrupted'!D28 -> Flood Fill | D29: ='Dane corrupted'!K28 -> 0.9677
A30: ='Dane corrupted'!B29 -> MNIST-C (Canny Edges) | B30: ='Dane corrupted'!C29 -> Multi-Layer Perceptron | C30: ='Dane corrupted'!D29 -> LDA | D30: ='Dane corrupted'!K29 -> 0.857
A31: ='Dane corrupted'!B30 -> MNIST-C (Canny Edges) | B31: ='Dane corrupted'!C30 -> Multi-Layer Perceptron | C31: ='Dane corrupted'!D30 -> PCA | D31: ='Dane corrupted'!K30 -> 0.9413
A32: ='Dane corrupted'!B31 -> MNIST-C (Canny Edges) | B32: ='Dane corrupted'!C31 -> Multi-Layer Perceptron | C32: ='Dane corrupted'!D31 -> UMAP | D32: ='Dane corrupted'!K31 -> 0.8514
A33: ='Dane corrupted'!B32 -> MNIST-C (Canny Edges) | B33: ='Dane corrupted'!C32 -> Support Vector Machine | C33: ='Dane corrupted'!D32 -> Brak redukcji | D33: ='Dane corrupted'!K32 -> 0.9551
A34: ='Dane corrupted'!B33 -> MNIST-C (Canny Edges) | B34: ='Dane corrupted'!C33 -> Support Vector Machine | C34: ='Dane corrupted'!D33 -> Flood Fill | D34: ='Dane corrupted'!K33 -> 0.9559
A35: ='Dane corrupted'!B34 -> MNIST-C (Canny Edges) | B35: ='Dane corrupted'!C34 -> Support Vector Machine | C35: ='Dane corrupted'!D34 -> LDA | D35: ='Dane corrupted'!K34 -> 0.8861
A36: ='Dane corrupted'!B35 -> MNIST-C (Canny Edges) | B36: ='Dane corrupted'!C35 -> Support Vector Machine | C36: ='Dane corrupted'!D35 -> PCA | D36: ='Dane corrupted'!K35 -> 0.9376
A37: ='Dane corrupted'!B36 -> MNIST-C (Canny Edges) | B37: ='Dane corrupted'!C36 -> Support Vector Machine | C37: ='Dane corrupted'!D36 -> UMAP | D37: ='Dane corrupted'!K36 -> 0.8651
A38: ='Dane corrupted'!B37 -> MNIST-C (Canny Edges) | B38: ='Dane corrupted'!C37 -> XGBoost | C38: ='Dane corrupted'!D37 -> Brak redukcji | D38: ='Dane corrupted'!K37 -> 0.9442
A39: ='Dane corrupted'!B38 -> MNIST-C (Canny Edges) | B39: ='Dane corrupted'!C38 -> XGBoost | C39: ='Dane corrupted'!D38 -> Flood Fill | D39: ='Dane corrupted'!K38 -> 0.9628
... A41: ='Dane corrupted'!B40 -> MNIST-C (Canny Edges) | B41: ='Dane corrupted'!C40 -> XGBoost | C41: ='Dane corrupted'!D40 -> PCA | D41: ='Dane corrupted'!K40 -> 0.8628
A42: ='Dane corrupted'!B41 -> MNIST-C (Canny Edges) | B42: ='Dane corrupted'!C41 -> XGBoost | C42: ='Dane corrupted'!D41 -> UMAP | D42: ='Dane corrupted'!K41 -> 0.8774 | F42: Maksimum z Accuracy | G42: Etykiety kolumn
A43: Dataset | B43: Classification | C43: Reduction | D43: Accuracy | F43: Etykiety wierszy | G43: Brak redukcji | H43: Flood Fill | I43: LDA | J43: PCA | K43: UMAP
A44: ='Dane corrupted'!B42 -> MNIST-C (Dotted Line) | B44: ='Dane corrupted'!C42 -> K-Nearest Neighbors | C44: ='Dane corrupted'!D42 -> Brak redukcji | D44: ='Dane corrupted'!K42 -> 0.9077 | F44: K-Nearest Neighbors | G44: 0.973225 | H44: 0.92045 | I44: 0.93895 | J44: 0.9867 | K44: 0.968525
A45: ='Dane corrupted'!B43 -> MNIST-C (Dotted Line) | B45: ='Dane corrupted'!C43 -> K-Nearest Neighbors | C45: ='Dane corrupted'!D43 -> Flood Fill | D45: ='Dane corrupted'!K43 -> 0.9262 | F45: Multi-Layer Perceptron | G45: 0.98825 | H45: 0.960125 | I45: 0.932 | J45: 0.990275 | K45: 0.968475
A46: ='Dane corrupted'!B44 -> MNIST-C (Dotted Line) | B46: ='Dane corrupted'!C44 -> K-Nearest Neighbors | C46: ='Dane corrupted'!D44 -> LDA | D46: ='Dane corrupted'!K44 -> 0.9062 | F46: Support Vector Machine | G46: 0.987225 | H46: 0.93685 | I46: 0.94155 | J46: 0.99065 | K46: 0.96815
A47: ='Dane corrupted'!B45 -> MNIST-C (Dotted Line) | B47: ='Dane corrupted'!C45 -> K-Nearest Neighbors | C47: ='Dane corrupted'!D45 -> PCA | D47: ='Dane corrupted'!K45 -> 0.9628 | F47: XGBoost | G47: 0.975425 | H47: 0.942775 | I47: 0.93395 | J47: 0.96445 | K47: 0.968925
A48: ='Dane corrupted'!B46 -> MNIST-C (Dotted Line) | B48: ='Dane corrupted'!C46 -> K-Nearest Neighbors | C48: ='Dane corrupted'!D46 -> UMAP | D48: ='Dane corrupted'!K46 -> 0.9266
A49: ='Dane corrupted'!B47 -> MNIST-C (Dotted Line) | B49: ='Dane corrupted'!C47 -> Multi-Layer Perceptron | C49: ='Dane corrupted'!D47 -> Brak redukcji | D49: ='Dane corrupted'!K47 -> 0.9733
A50: ='Dane corrupted'!B48 -> MNIST-C (Dotted Line) | B50: ='Dane corrupted'!C48 -> Multi-Layer Perceptron | C50: ='Dane corrupted'!D48 -> Flood Fill | D50: ='Dane corrupted'!K48 -> 0.9623
A51: ='Dane corrupted'!B49 -> MNIST-C (Dotted Line) | B51: ='Dane corrupted'!C49 -> Multi-Layer Perceptron | C51: ='Dane corrupted'!D49 -> LDA | D51: ='Dane corrupted'!K49 -> 0.8955
A52: ='Dane corrupted'!B50 -> MNIST-C (Dotted Line) | B52: ='Dane corrupted'!C50 -> Multi-Layer Perceptron | C52: ='Dane corrupted'!D50 -> PCA | D52: ='Dane corrupted'!K50 -> 0.955
A53: ='Dane corrupted'!B51 -> MNIST-C (Dotted Line) | B53: ='Dane corrupted'!C51 -> Multi-Layer Perceptron | C53: ='Dane corrupted'!D51 -> UMAP | D53: ='Dane corrupted'!K51 -> 0.9245
A54: ='Dane corrupted'!B52 -> MNIST-C (Dotted Line) | B54: ='Dane corrupted'!C52 -> Support Vector Machine | C54: ='Dane corrupted'!D52 -> Brak redukcji | D54: ='Dane corrupted'!K52 -> 0.9671
A55: ='Dane corrupted'!B53 -> MNIST-C (Dotted Line) | B55: ='Dane corrupted'!C53 -> Support Vector Machine | C55: ='Dane corrupted'!D53 -> Flood Fill | D55: ='Dane corrupted'!K53 -> 0.9488
A56: ='Dane corrupted'!B54 -> MNIST-C (Dotted Line) | B56: ='Dane corrupted'!C54 -> Support Vector Machine | C56: ='Dane corrupted'!D54 -> LDA | D56: ='Dane corrupted'!K54 -> 0.9123
A57: ='Dane corrupted'!B55 -> MNIST-C (Dotted Line) | B57: ='Dane corrupted'!C55 -> Support Vector Machine | C57: ='Dane corrupted'!D55 -> PCA | D57: ='Dane corrupted'!K55 -> 0.9776
A58: ='Dane corrupted'!B56 -> MNIST-C (Dotted Line) | B58: ='Dane corrupted'!C56 -> Support Vector Machine | C58: ='Dane corrupted'!D56 -> UMAP | D58: ='Dane corrupted'!K56 -> 0.9256
A59: ='Dane corrupted'!B57 -> MNIST-C (Dotted Line) | B59: ='Dane corrupted'!C57 -> XGBoost | C59: ='Dane corrupted'!D57 -> Brak redukcji | D59: ='Dane corrupted'!K57 -> 0.9575
... A61: ='Dane corrupted'!B59 -> MNIST-C (Dotted Line) | B61: ='Dane corrupted'!C59 -> XGBoost | C61: ='Dane corrupted'!D59 -> LDA | D61: ='Dane corrupted'!K59 -> 0.9044
A62: ='Dane corrupted'!B60 -> MNIST-C (Dotted Line) | B62: ='Dane corrupted'!C60 -> XGBoost | C62: ='Dane corrupted'!D60 -> PCA | D62: ='Dane corrupted'!K60 -> 0.942 | F62: Maksimum z Accuracy | G62: Etykiety kolumn
A63: ='Dane corrupted'!B61 -> MNIST-C (Dotted Line) | B63: ='Dane corrupted'!C61 -> XGBoost | C63: ='Dane corrupted'!D61 -> UMAP | D63: ='Dane corrupted'!K61 -> 0.9296 | F63: Etykiety wierszy | G63: Brak redukcji | H63: Flood Fill | I63: LDA | J63: PCA | K63: UMAP
A64: Dataset | B64: Classification | C64: Reduction | D64: Accuracy | F64: K-Nearest Neighbors | G64: 0.8025 | H64: 0.7984 | I64: 0.8326 | J64: 0.8579 | K64: 0.8063
A65: ='Dane corrupted'!B62 -> MNIST-C (Fog) | B65: ='Dane corrupted'!C62 -> K-Nearest Neighbors | C65: ='Dane corrupted'!D62 -> Brak redukcji | D65: ='Dane corrupted'!K62 -> 0.5264 | F65: Multi-Layer Perceptron | G65: 0.8476 | H65: 0.821 | I65: 0.8087 | J65: 0.884 | K65: 0.799
A66: ='Dane corrupted'!B63 -> MNIST-C (Fog) | B66: ='Dane corrupted'!C63 -> K-Nearest Neighbors | C66: ='Dane corrupted'!D63 -> Flood Fill | D66: ='Dane corrupted'!K63 -> 0.2238 | F66: Support Vector Machine | G66: 0.8546 | H66: 0.7781 | I66: 0.8403 | J66: 0.8806 | K66: 0.7729
A67: ='Dane corrupted'!B64 -> MNIST-C (Fog) | B67: ='Dane corrupted'!C64 -> K-Nearest Neighbors | C67: ='Dane corrupted'!D64 -> LDA | D67: ='Dane corrupted'!K64 -> 0.9012 | F67: XGBoost | G67: 0.8388 | H67: 0.826 | I67: 0.8395 | J67: 0.8689 | K67: 0.8284
A68: ='Dane corrupted'!B65 -> MNIST-C (Fog) | B68: ='Dane corrupted'!C65 -> K-Nearest Neighbors | C68: ='Dane corrupted'!D65 -> PCA | D68: ='Dane corrupted'!K65 -> 0.8901
A69: ='Dane corrupted'!B66 -> MNIST-C (Fog) | B69: ='Dane corrupted'!C66 -> K-Nearest Neighbors | C69: ='Dane corrupted'!D66 -> UMAP | D69: ='Dane corrupted'!K66 -> 0.7673
A70: ='Dane corrupted'!B67 -> MNIST-C (Fog) | B70: ='Dane corrupted'!C67 -> Multi-Layer Perceptron | C70: ='Dane corrupted'!D67 -> Brak redukcji | D70: ='Dane corrupted'!K67 -> 0.6115
A71: ='Dane corrupted'!B68 -> MNIST-C (Fog) | B71: ='Dane corrupted'!C68 -> Multi-Layer Perceptron | C71: ='Dane corrupted'!D68 -> Flood Fill | D71: ='Dane corrupted'!K68 -> 0.2689
A72: ='Dane corrupted'!B69 -> MNIST-C (Fog) | B72: ='Dane corrupted'!C69 -> Multi-Layer Perceptron | C72: ='Dane corrupted'!D69 -> LDA | D72: ='Dane corrupted'!K69 -> 0.8885
A73: ='Dane corrupted'!B70 -> MNIST-C (Fog) | B73: ='Dane corrupted'!C70 -> Multi-Layer Perceptron | C73: ='Dane corrupted'!D70 -> PCA | D73: ='Dane corrupted'!K70 -> 0.976
A74: ='Dane corrupted'!B71 -> MNIST-C (Fog) | B74: ='Dane corrupted'!C71 -> Multi-Layer Perceptron | C74: ='Dane corrupted'!D71 -> UMAP | D74: ='Dane corrupted'!K71 -> 0.7844
A75: ='Dane corrupted'!B72 -> MNIST-C (Fog) | B75: ='Dane corrupted'!C72 -> Support Vector Machine | C75: ='Dane corrupted'!D72 -> Brak redukcji | D75: ='Dane corrupted'!K72 -> 0.5914
A76: ='Dane corrupted'!B73 -> MNIST-C (Fog) | B76: ='Dane corrupted'!C73 -> Support Vector Machine | C76: ='Dane corrupted'!D73 -> Flood Fill | D76: ='Dane corrupted'!K73 -> 0.2566
A77: ='Dane corrupted'!B74 -> MNIST-C (Fog) | B77: ='Dane corrupted'!C74 -> Support Vector Machine | C77: ='Dane corrupted'!D74 -> LDA | D77: ='Dane corrupted'!K74 -> 0.9073
A78: ='Dane corrupted'!B75 -> MNIST-C (Fog) | B78: ='Dane corrupted'!C75 -> Support Vector Machine | C78: ='Dane corrupted'!D75 -> PCA | D78: ='Dane corrupted'!K75 -> 0.9292
A79: ='Dane corrupted'!B76 -> MNIST-C (Fog) | B79: ='Dane corrupted'!C76 -> Support Vector Machine | C79: ='Dane corrupted'!D76 -> UMAP | D79: ='Dane corrupted'!K76 -> 0.7537
... A81: ='Dane corrupted'!B78 -> MNIST-C (Fog) | B81: ='Dane corrupted'!C78 -> XGBoost | C81: ='Dane corrupted'!D78 -> Flood Fill | D81: ='Dane corrupted'!K78 -> 0.2724
A82: ='Dane corrupted'!B79 -> MNIST-C (Fog) | B82: ='Dane corrupted'!C79 -> XGBoost | C82: ='Dane corrupted'!D79 -> LDA | D82: ='Dane corrupted'!K79 -> 0.9027 | F82: Maksimum z Accuracy | G82: Etykiety kolumn
A83: ='Dane corrupted'!B80 -> MNIST-C (Fog) | B83: ='Dane corrupted'!C80 -> XGBoost | C83: ='Dane corrupted'!D80 -> PCA | D83: ='Dane corrupted'!K80 -> 0.9432 | F83: Etykiety wierszy | G83: Brak redukcji | H83: Flood Fill | I83: LDA | J83: PCA | K83: UMAP
A84: ='Dane corrupted'!B81 -> MNIST-C (Fog) | B84: ='Dane corrupted'!C81 -> XGBoost | C84: ='Dane corrupted'!D81 -> UMAP | D84: ='Dane corrupted'!K81 -> 0.8119 | F84: K-Nearest Neighbors | G84: 0.9576 | H84: 0.9582 | I84: 0.9145 | J84: 0.9744 | K84: 0.9549
A85: Dataset | B85: Classification | C85: Reduction | D85: Accuracy | F85: Multi-Layer Perceptron | G85: 0.974 | H85: 0.9778 | I85: 0.9066 | J85: 0.9844 | K85: 0.9541
A86: ='Dane corrupted'!B82 -> MNIST-C (Glass Blur) | B86: ='Dane corrupted'!C82 -> K-Nearest Neighbors | C86: ='Dane corrupted'!D82 -> Brak redukcji | D86: ='Dane corrupted'!K82 -> 0.8135 | F86: Support Vector Machine | G86: 0.9769 | H86: 0.9716 | I86: 0.9215 | J86: 0.9828 | K86: 0.9541
A87: ='Dane corrupted'!B83 -> MNIST-C (Glass Blur) | B87: ='Dane corrupted'!C83 -> K-Nearest Neighbors | C87: ='Dane corrupted'!D83 -> Flood Fill | D87: ='Dane corrupted'!K83 -> 0.891 | F87: XGBoost | G87: 0.9654 | H87: 0.9757 | I87: 0.9128 | J87: 0.9551 | K87: 0.9556
A88: ='Dane corrupted'!B84 -> MNIST-C (Glass Blur) | B88: ='Dane corrupted'!C84 -> K-Nearest Neighbors | C88: ='Dane corrupted'!D84 -> LDA | D88: ='Dane corrupted'!K84 -> 0.9003
A89: ='Dane corrupted'!B85 -> MNIST-C (Glass Blur) | B89: ='Dane corrupted'!C85 -> K-Nearest Neighbors | C89: ='Dane corrupted'!D85 -> PCA | D89: ='Dane corrupted'!K85 -> 0.9625
A90: ='Dane corrupted'!B86 -> MNIST-C (Glass Blur) | B90: ='Dane corrupted'!C86 -> K-Nearest Neighbors | C90: ='Dane corrupted'!D86 -> UMAP | D90: ='Dane corrupted'!K86 -> 0.944
A91: ='Dane corrupted'!B87 -> MNIST-C (Glass Blur) | B91: ='Dane corrupted'!C87 -> Multi-Layer Perceptron | C91: ='Dane corrupted'!D87 -> Brak redukcji | D91: ='Dane corrupted'!K87 -> 0.9422
A92: ='Dane corrupted'!B88 -> MNIST-C (Glass Blur) | B92: ='Dane corrupted'!C88 -> Multi-Layer Perceptron | C92: ='Dane corrupted'!D88 -> Flood Fill | D92: ='Dane corrupted'!K88 -> 0.9149
A93: ='Dane corrupted'!B89 -> MNIST-C (Glass Blur) | B93: ='Dane corrupted'!C89 -> Multi-Layer Perceptron | C93: ='Dane corrupted'!D89 -> LDA | D93: ='Dane corrupted'!K89 -> 0.8829
A94: ='Dane corrupted'!B90 -> MNIST-C (Glass Blur) | B94: ='Dane corrupted'!C90 -> Multi-Layer Perceptron | C94: ='Dane corrupted'!D90 -> PCA | D94: ='Dane corrupted'!K90 -> 0.9705
A95: ='Dane corrupted'!B91 -> MNIST-C (Glass Blur) | B95: ='Dane corrupted'!C91 -> Multi-Layer Perceptron | C95: ='Dane corrupted'!D91 -> UMAP | D95: ='Dane corrupted'!K91 -> 0.9437
A96: ='Dane corrupted'!B92 -> MNIST-C (Glass Blur) | B96: ='Dane corrupted'!C92 -> Support Vector Machine | C96: ='Dane corrupted'!D92 -> Brak redukcji | D96: ='Dane corrupted'!K92 -> 0.9328
A97: ='Dane corrupted'!B93 -> MNIST-C (Glass Blur) | B97: ='Dane corrupted'!C93 -> Support Vector Machine | C97: ='Dane corrupted'!D93 -> Flood Fill | D97: ='Dane corrupted'!K93 -> 0.9116
A98: ='Dane corrupted'!B94 -> MNIST-C (Glass Blur) | B98: ='Dane corrupted'!C94 -> Support Vector Machine | C98: ='Dane corrupted'!D94 -> LDA | D98: ='Dane corrupted'!K94 -> 0.9105
A99: ='Dane corrupted'!B95 -> MNIST-C (Glass Blur) | B99: ='Dane corrupted'!C95 -> Support Vector Machine | C99: ='Dane corrupted'!D95 -> PCA | D99: ='Dane corrupted'!K95 -> 0.9728
... A101: ='Dane corrupted'!B97 -> MNIST-C (Glass Blur) | B101: ='Dane corrupted'!C97 -> XGBoost | C101: ='Dane corrupted'!D97 -> Brak redukcji | D101: ='Dane corrupted'!K97 -> 0.8931
A102: ='Dane corrupted'!B98 -> MNIST-C (Glass Blur) | B102: ='Dane corrupted'!C98 -> XGBoost | C102: ='Dane corrupted'!D98 -> Flood Fill | D102: ='Dane corrupted'!K98 -> 0.9125 | F102: Maksimum z Accuracy | G102: Etykiety kolumn
A103: ='Dane corrupted'!B99 -> MNIST-C (Glass Blur) | B103: ='Dane corrupted'!C99 -> XGBoost | C103: ='Dane corrupted'!D99 -> LDA | D103: ='Dane corrupted'!K99 -> 0.9013 | F103: Etykiety wierszy | G103: Brak redukcji | H103: Flood Fill | I103: LDA | J103: PCA | K103: UMAP
A104: ='Dane corrupted'!B100 -> MNIST-C (Glass Blur) | B104: ='Dane corrupted'!C100 -> XGBoost | C104: ='Dane corrupted'!D100 -> PCA | D104: ='Dane corrupted'!K100 -> 0.9441 | F104: K-Nearest Neighbors | G104: 0.91131041 | H104: 0.89885401 | I104: 0.90533134 | J104: 0.94818137 | K104: 0.92974589
A105: ='Dane corrupted'!B101 -> MNIST-C (Glass Blur) | B105: ='Dane corrupted'!C101 -> XGBoost | C105: ='Dane corrupted'!D101 -> UMAP | D105: ='Dane corrupted'!K101 -> 0.9464 | F105: Multi-Layer Perceptron | G105: 0.92526158 | H105: 0.92127554 | I105: 0.90333832 | J105: 0.94170404 | K105: 0.92227205
...
